ID,name,link,summit,drop,beginner runs,intermediate runs,advanced runs,expert runs,state
0,Alpental,https://www.onthesnow.com/washington/alpental/ski-resort.html,5420ft,2280ft,3,11,10,0,washington
1,Mt. Baker,https://www.onthesnow.com/washington/mt-baker/ski-resort.html,5000ft,1500ft,9,17,0,12,washington
2,Stevens Pass Resort,https://www.onthesnow.com/washington/stevens-pass-resort/ski-resort.html,5845ft,1800ft,4,24,15,10,washington
3,Eaglecrest Ski Area,https://www.onthesnow.com/alaska/eaglecrest-ski-area/ski-resort.html,2600ft,1540ft,12,14,11,0,alaska
4,White Pass,https://www.onthesnow.com/washington/white-pass/ski-resort.html,6550ft,2050ft,9,27,9,0,washington
5,Alyeska Resort,https://www.onthesnow.com/alaska/alyeska-resort/ski-resort.html,3939ft,2500ft,8,40,28,0,alaska
6,Crystal Mountain,https://www.onthesnow.com/washington/crystal-mountain-wa/ski-resort.html,7012ft,3100ft,7,27,28,25,washington
7,49 Degrees North,https://www.onthesnow.com/washington/49-degrees-north/ski-resort.html,5774ft,1851ft,27,36,22,4,washington
8,Mt. Bachelor,https://www.onthesnow.com/oregon/mt-bachelor/ski-resort.html,9065ft,3365ft,23,67,27,4,oregon
9,The Summit at Snoqualmie,https://www.onthesnow.com/washington/the-summit-at-snoqualmie/ski-resort.html,3865ft,1025ft,10,26,29,0,washington
10,Brundage Mountain Resort,https://www.onthesnow.com/idaho/brundage-mountain-resort/ski-resort.html,7640ft,1800ft,14,22,14,17,idaho
11,Grand Targhee Resort,https://www.onthesnow.com/wyoming/grand-targhee-resort/ski-resort.html,9920ft,2270ft,32,36,24,5,wyoming
12,Wolf Creek Ski Area,https://www.onthesnow.com/colorado/wolf-creek-ski-area/ski-resort.html,11904ft,1604ft,27,47,33,27,colorado
13,Bluewood,https://www.onthesnow.com/washington/bluewood/ski-resort.html,5670ft,1125ft,4,12,10,0,washington
14,Whitefish Mountain Resort,https://www.onthesnow.com/montana/whitefish-mountain-resort/ski-resort.html,6817ft,2353ft,14,43,50,7,montana
15,Sugar Bowl Resort,https://www.onthesnow.com/california/sugar-bowl-resort/ski-resort.html,8383ft,1500ft,16,47,29,13,california
16,Alta Ski Area,https://www.onthesnow.com/utah/alta-ski-area/ski-resort.html,11068ft,2538ft,18,36,65,0,utah
17,Jackson Hole,https://www.onthesnow.com/wyoming/jackson-hole/ski-resort.html,10450ft,4139ft,5,51,56,21,wyoming
18,Lookout Pass Ski Area,https://www.onthesnow.com/idaho/lookout-pass-ski-area/ski-resort.html,5650ft,1150ft,5,18,12,3,idaho
19,Anthony Lakes Mountain Resort,https://www.onthesnow.com/oregon/anthony-lakes-mountain-resort/ski-resort.html,8000ft,900ft,4,8,9,0,oregon
20,Mammoth Mountain,https://www.onthesnow.com/california/mammoth-mountain-ski-area/ski-resort.html,11053ft,3100ft,22,72,36,20,california
21,Mt. Spokane Ski and Snowboard Park,https://www.onthesnow.com/washington/mt-spokane-ski-and-snowboard-park/ski-resort.html,5889ft,2000ft,12,32,8,0,washington
22,Sun Valley,https://www.onthesnow.com/idaho/sun-valley/ski-resort.html,9150ft,3400ft,43,50,24,2,idaho
23,Hoodoo Ski Area,https://www.onthesnow.com/oregon/hoodoo-ski-area/ski-resort.html,5703ft,1035ft,7,15,11,3,oregon
24,Lost Trail - Powder Mtn,https://www.onthesnow.com/montana/lost-trail-powder-mtn/ski-resort.html,8200ft,1800ft,14,41,14,0,montana
25,Mt. Hood Skibowl,https://www.onthesnow.com/oregon/mt-hood-ski-bowl/ski-resort.html,5100ft,1500ft,14,28,17,10,oregon
26,Lost Valley,https://www.onthesnow.com/maine/lost-valley/ski-resort.html,495ft,240ft,8,9,8,6,maine
27,Schweitzer,https://www.onthesnow.com/idaho/schweitzer/ski-resort.html,6400ft,2400ft,9,37,32,14,idaho
28,Silver Mountain,https://www.onthesnow.com/idaho/silver-mountain/ski-resort.html,6300ft,2200ft,16,32,24,8,idaho
29,Sierra-at-Tahoe,https://www.onthesnow.com/california/sierra-at-tahoe/ski-resort.html,8852ft,2212ft,12,24,12,0,california
30,Snowbasin,https://www.onthesnow.com/utah/snowbasin/ski-resort.html,9350ft,2900ft,7,40,50,10,utah
31,Appalachian Ski Mountain,https://www.onthesnow.com/north-carolina/appalachian-ski-mtn/ski-resort.html,4000ft,365ft,3,6,3,0,north-carolina
32,Boreal Mountain Resort,https://www.onthesnow.com/california/boreal/ski-resort.html,7700ft,500ft,9,10,15,0,california
33,Pomerelle Mountain Resort,https://www.onthesnow.com/idaho/pomerelle-mountain-resort/ski-resort.html,9000ft,1000ft,10,10,5,0,idaho
34,Snowbird,https://www.onthesnow.com/utah/snowbird/ski-resort.html,11000ft,3240ft,11,35,60,34,utah
35,Big Sky,https://www.onthesnow.com/montana/big-sky-resort/ski-resort.html,11166ft,4350ft,48,79,133,57,montana
36,Cataloochee Ski Area,https://www.onthesnow.com/north-carolina/cataloochee-ski-area/ski-resort.html,5400ft,740ft,8,7,0,3,north-carolina
37,Homewood Mountain Resort,https://www.onthesnow.com/california/homewood-mountain-resort/ski-resort.html,7880ft,1650ft,9,31,24,3,california
38,Soda Springs,https://www.onthesnow.com/california/soda-springs/ski-resort.html,7352ft,652ft,11,3,6,0,california
39,Sugar Mountain Resort,https://www.onthesnow.com/north-carolina/sugar-mountain-resort/ski-resort.html,5300ft,1200ft,7,11,2,1,north-carolina
40,Tamarack Resort,https://www.onthesnow.com/idaho/tamarack-resort/ski-resort.html,7700ft,2800ft,10,17,21,0,idaho
41,Brighton Resort,https://www.onthesnow.com/utah/brighton-resort/ski-resort.html,10500ft,1745ft,14,26,16,10,utah
42,Bogus Basin,https://www.onthesnow.com/idaho/bogus-basin/ski-resort.html,7582ft,1800ft,8,41,23,10,idaho
43,Montana Snowbowl,https://www.onthesnow.com/montana/montana-snowbowl/ski-resort.html,7600ft,2600ft,7,15,15,0,montana
44,Park City,https://www.onthesnow.com/utah/park-city-mountain-resort/ski-resort.html,10026ft,3226ft,27,140,95,78,utah
45,Beech Mountain Resort,https://www.onthesnow.com/north-carolina/ski-beech-mountain-resort/ski-resort.html,5506ft,830ft,5,7,5,0,north-carolina
46,Toggenburg Mountain,https://www.onthesnow.com/new-york/toggenburg-mountain/ski-resort.html,2000ft,700ft,7,7,7,0,new-york
47,Willamette Pass,https://www.onthesnow.com/oregon/willamette-pass/ski-resort.html,6683ft,1563ft,6,13,3,7,oregon
48,Pebble Creek Ski Area,https://www.onthesnow.com/idaho/pebble-creek-ski-area/ski-resort.html,8560ft,2200ft,6,19,23,5,idaho
49,Sapphire Valley,https://www.onthesnow.com/north-carolina/sapphire-valley/ski-resort.html,3450ft,250ft,1,1,0,0,north-carolina
50,Mt. Rose - Ski Tahoe,https://www.onthesnow.com/nevada/mt-rose-ski-tahoe/ski-resort.html,9700ft,1800ft,13,20,26,6,nevada
51,Powder Mountain,https://www.onthesnow.com/utah/powder-mountain/ski-resort.html,9422ft,2522ft,38,62,54,0,utah
52,Steamboat,https://www.onthesnow.com/colorado/steamboat/ski-resort.html,10568ft,3668ft,24,71,74,0,colorado
53,Shawnee Mountain Ski Area,https://www.onthesnow.com/pennsylvania/shawnee-mountain-ski-area/ski-resort.html,1350ft,700ft,6,11,6,0,pennsylvania
54,Mount Peter Ski Area,https://www.onthesnow.com/new-york/mount-peter-ski-area/ski-resort.html,1250ft,450ft,7,6,5,0,new-york
55,Solitude Mountain Resort,https://www.onthesnow.com/utah/solitude-mountain-resort/ski-resort.html,10488ft,2494ft,5,35,25,17,utah
56,Sugarbush,https://www.onthesnow.com/vermont/sugarbush/ski-resort.html,4083ft,2600ft,26,47,30,8,vermont
57,Wachusett Mountain Ski Area,https://www.onthesnow.com/massachusetts/wachusett-mountain-ski-area/ski-resort.html,2006ft,1000ft,5,17,5,0,massachusetts
58,Sleeping Giant Ski Resort,https://www.onthesnow.com/wyoming/sleeping-giant-ski-resort/ski-resort.html,7428ft,810ft,7,18,17,6,wyoming
59,Bear Valley,https://www.onthesnow.com/california/bear-valley/ski-resort.html,8500ft,1900ft,6,23,25,2,california
60,Beaver Mountain,https://www.onthesnow.com/utah/beaver-mountain/ski-resort.html,8860ft,1600ft,17,19,12,0,utah
61,Diamond Peak,https://www.onthesnow.com/nevada/diamond-peak/ski-resort.html,8540ft,1840ft,5,14,11,0,nevada
62,Heavenly,https://www.onthesnow.com/california/heavenly-mountain-resort/ski-resort.html,10067ft,3500ft,8,60,24,5,california
63,Maverick Mountain,https://www.onthesnow.com/montana/maverick-mountain/ski-resort.html,8520ft,2020ft,7,9,7,0,montana
64,Silverton Mountain,https://www.onthesnow.com/colorado/silverton-mountain/ski-resort.html,13487ft,3087ft,0,0,0,69,colorado
65,Kelly Canyon Ski Area,https://www.onthesnow.com/idaho/kelly-canyon-ski-area/ski-resort.html,6600ft,1000ft,18,23,10,0,idaho
66,Northstar California,https://www.onthesnow.com/california/northstar-california/ski-resort.html,8610ft,2280ft,13,60,27,0,california
67,Holiday Valley,https://www.onthesnow.com/new-york/holiday-valley/ski-resort.html,2250ft,750ft,22,15,22,1,new-york
68,Ober Gatlinburg Ski Resort,https://www.onthesnow.com/tennessee/ober-gatlinburg-ski-resort/ski-resort.html,3300ft,600ft,2,6,2,0,tennessee
69,Bridger Bowl,https://www.onthesnow.com/montana/bridger-bowl/ski-resort.html,8700ft,2600ft,13,29,19,44,montana
70,Mt. Ashland,https://www.onthesnow.com/oregon/mount-ashland/ski-resort.html,7533ft,1150ft,5,18,16,5,oregon
71,Taos Ski Valley,https://www.onthesnow.com/new-mexico/taos-ski-valley/ski-resort.html,12481ft,3281ft,15,18,33,44,new-mexico
72,Kirkwood,https://www.onthesnow.com/california/kirkwood/ski-resort.html,9800ft,2000ft,10,26,32,17,california
73,Wolf Ridge Ski Resort,https://www.onthesnow.com/north-carolina/wolf-ridge-ski-resort/ski-resort.html,4700ft,720ft,4,9,2,0,north-carolina
74,Buffalo Ski Club Ski Area,https://www.onthesnow.com/new-york/buffalo-ski-club-ski-area/ski-resort.html,3429ft,500ft,9,20,15,0,new-york
75,Bear Mountain,https://www.onthesnow.com/california/bear-mountain/ski-resort.html,8805ft,1665ft,3,5,5,2,california
76,Blue Mountain Resort,https://www.onthesnow.com/pennsylvania/blue-mountain-ski-area/ski-resort.html,1600ft,1082ft,16,6,14,4,pennsylvania
77,Bristol Mountain,https://www.onthesnow.com/new-york/bristol-mountain/ski-resort.html,2200ft,1200ft,12,15,7,0,new-york
78,Bryce Resort,https://www.onthesnow.com/virginia/bryce-resort/ski-resort.html,1750ft,500ft,3,4,1,0,virginia
79,Campgaw Mountain,https://www.onthesnow.com/new-jersey/campgaw-mountain/ski-resort.html,726ft,274ft,4,4,3,1,new-jersey
80,Discovery Ski Area,https://www.onthesnow.com/montana/discovery-ski-area/ski-resort.html,8150ft,2380ft,15,18,18,22,montana
81,Elk Mountain Ski Resort,https://www.onthesnow.com/pennsylvania/elk-mountain-ski-resort/ski-resort.html,2693ft,1000ft,6,10,11,0,pennsylvania
82,June Mountain,https://www.onthesnow.com/california/june-mountain/ski-resort.html,10090ft,2590ft,7,17,12,7,california
83,Mission Ridge,https://www.onthesnow.com/washington/mission-ridge/ski-resort.html,6820ft,2250ft,0,0,0,0,washington
84,Snow Summit,https://www.onthesnow.com/california/snow-summit/ski-resort.html,8200ft,1200ft,5,13,7,2,california
85,Soldier Mountain Ski Area,https://www.onthesnow.com/idaho/soldier-mountain-ski-area/ski-resort.html,7200ft,1400ft,7,18,4,7,idaho
86,Stowe Mountain,https://www.onthesnow.com/vermont/stowe-mountain-resort/ski-resort.html,4395ft,2360ft,19,64,17,17,vermont
87,Timberline Mountain,https://www.onthesnow.com/west-virginia/timberline-four-seasons/ski-resort.html,4265ft,1000ft,11,4,5,2,west-virginia
88,Aspen Snowmass,https://www.onthesnow.com/colorado/aspen-snowmass/ski-resort.html,12510ft,4406ft,20,144,57,114,colorado
89,Blacktail Mountain Ski Area,https://www.onthesnow.com/montana/blacktail-mountain-ski-area/ski-resort.html,6676ft,1440ft,4,18,5,0,montana
90,Jay Peak,https://www.onthesnow.com/vermont/jay-peak/ski-resort.html,3968ft,2153ft,21,40,19,0,vermont
91,Gunstock,https://www.onthesnow.com/new-hampshire/gunstock/ski-resort.html,2300ft,1400ft,7,25,15,1,new-hampshire
92,Kissing Bridge,https://www.onthesnow.com/new-york/kissing-bridge/ski-resort.html,1700ft,550ft,8,20,12,0,new-york
93,Mt. Shasta Ski Park,https://www.onthesnow.com/california/mount-shasta-board-ski-park/ski-resort.html,6890ft,1435ft,6,18,8,0,california
94,Ski Santa Fe,https://www.onthesnow.com/new-mexico/ski-santa-fe/ski-resort.html,12075ft,1725ft,14,28,40,4,new-mexico
95,Ski Brule,https://www.onthesnow.com/michigan/ski-brule/ski-resort.html,1860ft,500ft,6,6,4,1,michigan
96,Grand Geneva,https://www.onthesnow.com/wisconsin/grand-geneva/ski-resort.html,1086ft,211ft,8,6,4,2,wisconsin
97,Welch Village,https://www.onthesnow.com/minnesota/welch-village/ski-resort.html,1060ft,360ft,16,25,8,2,minnesota
98,Caberfae Peaks,https://www.onthesnow.com/michigan/caberfae-peaks-ski-golf-resort/ski-resort.html,1569ft,485ft,12,11,11,0,michigan
99,Copper Mountain,https://www.onthesnow.com/colorado/copper-mountain-resort/ski-resort.html,12313ft,2738ft,38,36,51,26,colorado
100,Crystal Mountain,https://www.onthesnow.com/michigan/crystal-mountain/ski-resort.html,1132ft,375ft,16,27,15,0,michigan
101,Jiminy Peak,https://www.onthesnow.com/massachusetts/jiminy-peak/ski-resort.html,2380ft,1150ft,23,13,6,3,massachusetts
102,Labrador Mt.,https://www.onthesnow.com/new-york/labrador-mt/ski-resort.html,1825ft,700ft,8,8,8,0,new-york
103,Purgatory,https://www.onthesnow.com/colorado/durango-mountain-resort/ski-resort.html,10822ft,2029ft,23,37,32,14,colorado
104,Song Mountain,https://www.onthesnow.com/new-york/song-mountain/ski-resort.html,1940ft,700ft,12,7,3,2,new-york
105,Tahoe Donner,https://www.onthesnow.com/california/tahoe-donner/ski-resort.html,7350ft,600ft,7,8,2,0,california
106,Enchanted Forest Ski Area,https://www.onthesnow.com/new-mexico/enchanted-forest-cross-countryski-area/ski-resort.html,10078ft,400ft,10,18,1,6,new-mexico
107,Deer Valley Resort,https://www.onthesnow.com/utah/deer-valley-resort/ski-resort.html,9570ft,3000ft,28,32,10,33,utah
108,Ski Snowstar Winter Sports Park,https://www.onthesnow.com/illinois/ski-snowstar-winter-sports-park/ski-resort.html,790ft,262ft,2,3,4,6,illinois
109,Telluride,https://www.onthesnow.com/colorado/telluride/ski-resort.html,13150ft,4425ft,24,44,31,50,colorado
110,Bear Creek Mountain Resort,https://www.onthesnow.com/pennsylvania/bear-creek-mountain-resort/ski-resort.html,1100ft,510ft,7,9,7,0,pennsylvania
111,Chestnut Mountain Resort,https://www.onthesnow.com/illinois/chestnut-mountain-resort/ski-resort.html,1040ft,475ft,5,11,3,0,illinois
112,Great Divide,https://www.onthesnow.com/montana/great-divide/ski-resort.html,7330ft,1580ft,11,50,50,0,montana
113,Greek Peak,https://www.onthesnow.com/new-york/greek-peak/ski-resort.html,2100ft,952ft,20,16,15,5,new-york
114,Crested Butte Mountain Resort,https://www.onthesnow.com/colorado/crested-butte-mountain-resort/ski-resort.html,12162ft,3062ft,17,30,30,44,colorado
115,Eldora Mountain Resort,https://www.onthesnow.com/colorado/eldora-mountain-resort/ski-resort.html,10600ft,1400ft,12,28,12,13,colorado
116,Lutsen Mountains,https://www.onthesnow.com/minnesota/lutsen-mountains/ski-resort.html,1688ft,825ft,6,36,15,5,minnesota
117,McCauley Mountain Ski Center,https://www.onthesnow.com/new-york/mccauley-mountain-ski-center/ski-resort.html,2250ft,633ft,6,10,7,0,new-york
118,Mount La Crosse,https://www.onthesnow.com/wisconsin/mount-la-crosse/ski-resort.html,1110ft,516ft,6,4,8,2,wisconsin
119,Red River,https://www.onthesnow.com/new-mexico/red-river/ski-resort.html,10350ft,1600ft,20,20,24,0,new-mexico
120,Ski China Peak,https://www.onthesnow.com/california/ski-china-peak/ski-resort.html,8709ft,1679ft,6,15,17,15,california
121,Cooper,https://www.onthesnow.com/colorado/ski-cooper/ski-resort.html,11700ft,1200ft,10,16,18,15,colorado
122,Smugglers' Notch Resort,https://www.onthesnow.com/vermont/smugglers-notch-resort/ski-resort.html,3640ft,2610ft,13,41,20,4,vermont
123,Snowshoe Mountain,https://www.onthesnow.com/west-virginia/snowshoe-mountain-resort/ski-resort.html,4848ft,1500ft,24,20,15,1,west-virginia
124,Suicide Six,https://www.onthesnow.com/vermont/suicide-six/ski-resort.html,1200ft,650ft,7,10,7,0,vermont
125,Vail,https://www.onthesnow.com/colorado/vail/ski-resort.html,11570ft,3450ft,37,57,94,8,colorado
126,Wintergreen Resort,https://www.onthesnow.com/virginia/wintergreen-resort/ski-resort.html,3515ft,1003ft,6,9,11,0,virginia
127,Eagle Point,https://www.onthesnow.com/utah/eagle-point/ski-resort.html,10600ft,1500ft,8,14,18,0,utah
128,Dodge Ridge,https://www.onthesnow.com/california/dodge-ridge/ski-resort.html,8200ft,1600ft,13,27,27,0,california
129,Boyne Mountain Resort,https://www.onthesnow.com/michigan/boyne-mountain-resort/ski-resort.html,1120ft,500ft,29,17,12,2,michigan
130,Dry Hill Ski Area,https://www.onthesnow.com/new-york/dry-hill-ski-area/ski-resort.html,950ft,300ft,2,2,2,0,new-york
131,Nubs Nob Ski Area,https://www.onthesnow.com/michigan/nubs-nob-ski-area/ski-resort.html,1338ft,427ft,16,26,11,0,michigan
132,Granite Peak Ski Area,https://www.onthesnow.com/wisconsin/granite-peak-ski-area/ski-resort.html,1942ft,700ft,14,14,26,4,wisconsin
133,Showdown Montana,https://www.onthesnow.com/montana/showdown-ski-area/ski-resort.html,8200ft,1400ft,10,16,10,0,montana
134,Snow Valley,https://www.onthesnow.com/california/snow-valley/ski-resort.html,7841ft,1041ft,4,13,11,4,california
135,Spring Mountain Ski Area,https://www.onthesnow.com/pennsylvania/spring-mountain-ski-area/ski-resort.html,528ft,450ft,3,4,1,0,pennsylvania
136,Sunday River,https://www.onthesnow.com/maine/sunday-river/ski-resort.html,3140ft,2340ft,40,49,24,22,maine
137,Sundown Mountain,https://www.onthesnow.com/iowa/sundown-mountain/ski-resort.html,1059ft,475ft,6,13,0,2,iowa
138,Sunlight Mountain Resort,https://www.onthesnow.com/colorado/sunlight-mountain-resort/ski-resort.html,9895ft,2010ft,12,21,12,27,colorado
139,Winterplace Ski Resort,https://www.onthesnow.com/west-virginia/winterplace-ski-resort/ski-resort.html,3600ft,603ft,10,11,6,0,west-virginia
140,Oak Mountain,https://www.onthesnow.com/new-york/oak-mountain/ski-resort.html,2400ft,650ft,10,6,4,2,new-york
141,Arapahoe Basin Ski Area,https://www.onthesnow.com/colorado/arapahoe-basin-ski-area/ski-resort.html,13050ft,2530ft,6,35,57,49,colorado
142,Boyne Highlands,https://www.onthesnow.com/michigan/boyne-highlands/ski-resort.html,1290ft,552ft,20,17,17,1,michigan
143,Breckenridge,https://www.onthesnow.com/colorado/breckenridge/ski-resort.html,12998ft,3398ft,24,43,67,52,colorado
144,Brian Head Resort,https://www.onthesnow.com/utah/brian-head-resort/ski-resort.html,10970ft,1548ft,21,25,23,2,utah
145,Loveland,https://www.onthesnow.com/colorado/loveland/ski-resort.html,13010ft,2210ft,12,39,19,24,colorado
146,Massanutten,https://www.onthesnow.com/virginia/massanutten/ski-resort.html,2925ft,1110ft,4,5,3,0,virginia
147,Mount Southington Ski Area,https://www.onthesnow.com/connecticut/mount-southington-ski-area/ski-resort.html,525ft,425ft,6,6,2,0,connecticut
148,Seven Springs,https://www.onthesnow.com/pennsylvania/seven-springs/ski-resort.html,2994ft,750ft,12,14,6,1,pennsylvania
149,Sundance,https://www.onthesnow.com/utah/sundance/ski-resort.html,8250ft,2150ft,16,20,9,0,utah
150,Bromley Mountain,https://www.onthesnow.com/vermont/bromley-mountain/ski-resort.html,3284ft,1334ft,14,17,15,1,vermont
151,Maple Ski Ridge,https://www.onthesnow.com/new-york/maple-ski-ridge/ski-resort.html,1200ft,450ft,1,4,4,0,new-york
152,Whiteface Mountain Resort,https://www.onthesnow.com/new-york/whiteface-mountain-resort/ski-resort.html,4650ft,3430ft,21,39,29,0,new-york
153,Snow King Resort,https://www.onthesnow.com/wyoming/snow-king-resort/ski-resort.html,7808ft,1571ft,6,8,14,6,wyoming
154,Ski Apache,https://www.onthesnow.com/new-mexico/ski-apache/ski-resort.html,11500ft,1900ft,9,7,1,0,new-mexico
155,West Mountain,https://www.onthesnow.com/new-york/west-mountain/ski-resort.html,1470ft,1010ft,10,16,3,0,new-york
156,Arizona Snowbowl,https://www.onthesnow.com/arizona/arizona-snowbowl/ski-resort.html,11500ft,2300ft,12,24,12,7,arizona
157,Buena Vista Ski Area,https://www.onthesnow.com/minnesota/buena-vista-ski-area/ski-resort.html,1510ft,230ft,3,9,4,0,minnesota
158,Ski Butternut,https://www.onthesnow.com/massachusetts/ski-butternut/ski-resort.html,1800ft,1000ft,8,8,6,0,massachusetts
159,Hyland Ski & Snowboard Area,https://www.onthesnow.com/minnesota/hyland-ski-snowboard-area/ski-resort.html,1075ft,175ft,3,4,4,0,minnesota
160,Monarch Mountain,https://www.onthesnow.com/colorado/monarch-mountain/ski-resort.html,11952ft,1162ft,15,17,24,8,colorado
161,Mount Kato Ski Area,https://www.onthesnow.com/minnesota/mount-kato-ski-area/ski-resort.html,540ft,240ft,4,8,7,0,minnesota
162,Snow Ridge,https://www.onthesnow.com/new-york/snow-ridge/ski-resort.html,2000ft,650ft,2,8,14,0,new-york
163,Meadowlark Ski Lodge,https://www.onthesnow.com/wyoming/meadowlark-ski-lodge/ski-resort.html,9500ft,1000ft,4,4,3,3,wyoming
164,Mount Pleasant of Edinboro,https://www.onthesnow.com/pennsylvania/mount-pleasant-of-edinboro/ski-resort.html,1540ft,340ft,2,6,2,0,pennsylvania
165,Christie Mountain,https://www.onthesnow.com/wisconsin/christie-mountain/ski-resort.html,1650ft,350ft,11,7,9,3,wisconsin
166,Montage Mountain,https://www.onthesnow.com/pennsylvania/sno-mountain/ski-resort.html,1960ft,1000ft,9,8,5,4,pennsylvania
167,Mount Snow,https://www.onthesnow.com/vermont/mount-snow/ski-resort.html,3600ft,1700ft,14,58,14,1,vermont
168,Beaver Creek,https://www.onthesnow.com/colorado/beaver-creek/ski-resort.html,11440ft,3340ft,57,45,36,12,colorado
169,Berkshire East,https://www.onthesnow.com/massachusetts/berkshire-east/ski-resort.html,1720ft,1180ft,12,13,5,3,massachusetts
170,Cannon Mountain,https://www.onthesnow.com/new-hampshire/cannon-mountain/ski-resort.html,4080ft,2180ft,14,51,32,0,new-hampshire
171,Devils Head,https://www.onthesnow.com/wisconsin/devils-head/ski-resort.html,995ft,500ft,7,4,10,2,wisconsin
172,Giants Ridge Resort,https://www.onthesnow.com/minnesota/giants-ridge-resort/ski-resort.html,1972ft,500ft,10,18,7,0,minnesota
173,Killington Resort,https://www.onthesnow.com/vermont/killington-resort/ski-resort.html,4241ft,3050ft,43,51,37,23,vermont
174,Perfect North Slopes,https://www.onthesnow.com/indiana/perfect-north-slopes/ski-resort.html,800ft,400ft,4,11,4,2,indiana
175,Pico Mountain,https://www.onthesnow.com/vermont/pico-mountain-at-killington/ski-resort.html,3967ft,1967ft,10,27,22,2,vermont
176,Powder Ridge Ski Area,https://www.onthesnow.com/minnesota/powder-ridge-ski-area/ski-resort.html,790ft,300ft,9,8,3,0,minnesota
177,Red Lodge Mountain,https://www.onthesnow.com/montana/red-lodge-mountain/ski-resort.html,9416ft,2400ft,13,18,25,14,montana
178,Ski Sundown,https://www.onthesnow.com/connecticut/ski-sundown/ski-resort.html,1075ft,625ft,8,4,3,1,connecticut
179,Thunder Ridge,https://www.onthesnow.com/new-york/thunder-ridge/ski-resort.html,1270ft,500ft,12,12,6,0,new-york
180,Woods Valley Ski Area,https://www.onthesnow.com/new-york/woods-valley-ski-area/ski-resort.html,1400ft,500ft,4,13,4,0,new-york
181,Canaan Valley Resort,https://www.onthesnow.com/west-virginia/canaan-valley-resort/ski-resort.html,4280ft,850ft,9,17,20,1,west-virginia
182,Powder Ridge Park,https://www.onthesnow.com/connecticut/powder-ridge-park/ski-resort.html,720ft,550ft,9,8,3,0,connecticut
183,Angel Fire Resort,https://www.onthesnow.com/new-mexico/angel-fire-resort/ski-resort.html,10677ft,2077ft,18,45,18,0,new-mexico
184,Keystone,https://www.onthesnow.com/colorado/keystone/ski-resort.html,12408ft,3128ft,20,55,52,0,colorado
185,Powderhorn,https://www.onthesnow.com/colorado/powderhorn/ski-resort.html,9850ft,1650ft,8,15,25,2,colorado
186,Snow Trails,https://www.onthesnow.com/ohio/snow-trails/ski-resort.html,1475ft,301ft,3,9,7,0,ohio
187,Sunrise Park Resort,https://www.onthesnow.com/arizona/sunrise-park-resort/ski-resort.html,11100ft,1800ft,33,19,13,4,arizona
188,Waterville Valley,https://www.onthesnow.com/new-hampshire/waterville-valley/ski-resort.html,4004ft,2020ft,10,35,15,2,new-hampshire
189,Holimont Ski Area,https://www.onthesnow.com/new-york/holimont-ski-area/ski-resort.html,2260ft,700ft,14,17,24,0,new-york
190,Bittersweet Ski Area,https://www.onthesnow.com/michigan/bittersweet-ski-area/ski-resort.html,850ft,350ft,7,7,4,0,michigan
191,Bolton Valley,https://www.onthesnow.com/vermont/bolton-valley/ski-resort.html,3150ft,1704ft,24,27,16,4,vermont
192,Bretton Woods,https://www.onthesnow.com/new-hampshire/bretton-woods/ski-resort.html,3100ft,1500ft,14,18,21,9,new-hampshire
193,Camelback Mountain Resort,https://www.onthesnow.com/pennsylvania/camelback-mountain-resort/ski-resort.html,2100ft,800ft,15,10,10,4,pennsylvania
194,Gore Mountain,https://www.onthesnow.com/new-york/gore-mountain/ski-resort.html,3600ft,2537ft,11,55,38,6,new-york
195,Hunter Mountain,https://www.onthesnow.com/new-york/hunter-mountain/ski-resort.html,3200ft,1600ft,17,20,20,10,new-york
196,Loon Mountain,https://www.onthesnow.com/new-hampshire/loon-mountain/ski-resort.html,3050ft,2100ft,12,37,10,2,new-hampshire
197,Magic Mountain Ski Area,https://www.onthesnow.com/idaho/magic-mountain-ski-area/ski-resort.html,7200ft,700ft,3,3,2,3,idaho
198,Mohawk Mountain,https://www.onthesnow.com/connecticut/mohawk-mountain/ski-resort.html,1600ft,650ft,8,12,5,0,connecticut
199,Mountain Creek Resort,https://www.onthesnow.com/new-jersey/mountain-creek-resort/ski-resort.html,1480ft,1040ft,11,21,14,0,new-jersey
200,Mt. Brighton,https://www.onthesnow.com/michigan/mount-brighton/ski-resort.html,1330ft,230ft,6,11,6,2,michigan
201,Mount Holly,https://www.onthesnow.com/michigan/mount-holly/ski-resort.html,1105ft,350ft,6,10,4,0,michigan
202,Mont Ripley,https://www.onthesnow.com/michigan/mont-ripley/ski-resort.html,1140ft,440ft,5,5,9,2,michigan
203,Nordic Mountain,https://www.onthesnow.com/wisconsin/nordic-mountain/ski-resort.html,1137ft,265ft,5,5,6,2,wisconsin
204,Paoli Peaks,https://www.onthesnow.com/indiana/paoli-peaks/ski-resort.html,900ft,300ft,7,5,2,1,indiana
205,Pine Mountain,https://www.onthesnow.com/michigan/pine-mountain/ski-resort.html,1650ft,500ft,35,0,0,0,michigan
206,Schuss Mountain at Shanty Creek,https://www.onthesnow.com/michigan/shanty-creek/ski-resort.html,1125ft,450ft,15,12,15,0,michigan
207,Ski Sawmill,https://www.onthesnow.com/pennsylvania/ski-sawmill/ski-resort.html,2215ft,515ft,5,3,5,0,pennsylvania
208,Windham Mountain,https://www.onthesnow.com/new-york/windham-mountain/ski-resort.html,3100ft,1600ft,11,26,10,7,new-york
209,Spirit Mountain,https://www.onthesnow.com/minnesota/spirit-mountain/ski-resort.html,1320ft,700ft,7,9,6,0,minnesota
210,Tyrol Basin,https://www.onthesnow.com/wisconsin/tyrol-basin/ski-resort.html,1160ft,300ft,6,5,6,1,wisconsin
211,Wildcat Mountain,https://www.onthesnow.com/new-hampshire/wildcat-mountain/ski-resort.html,4062ft,2112ft,10,22,16,0,new-hampshire
212,Yawgoo Valley,https://www.onthesnow.com/rhode-island/yawgoo-valley/ski-resort.html,315ft,245ft,4,5,4,0,rhode-island
213,Ski Big Bear,https://www.onthesnow.com/pennsylvania/big-bear/ski-resort.html,1250ft,650ft,6,5,6,1,pennsylvania
214,Mount Bohemia,https://www.onthesnow.com/michigan/mount-bohemia/ski-resort.html,1500ft,900ft,0,2,8,94,michigan
215,Ski Ward,https://www.onthesnow.com/massachusetts/ski-ward/ski-resort.html,420ft,210ft,3,3,0,3,massachusetts
216,Elm Creek Winter Recreation Area,https://www.onthesnow.com/minnesota/elm-creek/ski-resort.html,928ft,60ft,1,4,0,1,minnesota
217,Hunt Hollow Ski Club,https://www.onthesnow.com/new-york/hunt-hollow-ski-club/ski-resort.html,2030ft,825ft,6,4,7,2,new-york
218,Magic Mountain,https://www.onthesnow.com/vermont/magic-mountain/ski-resort.html,2850ft,1500ft,11,16,9,14,vermont
219,Nordic Valley Resort,https://www.onthesnow.com/utah/wolf-creek/ski-resort.html,6400ft,960ft,12,8,13,2,utah
220,Okemo Mountain Resort,https://www.onthesnow.com/vermont/okemo-mountain-resort/ski-resort.html,3344ft,2200ft,40,46,25,11,vermont
221,Sipapu Ski Resort,https://www.onthesnow.com/new-mexico/sipapu-ski-and-summer-resort/ski-resort.html,9255ft,1055ft,8,17,13,4,new-mexico
222,Belleayre,https://www.onthesnow.com/new-york/belleayre/ski-resort.html,3429ft,1404ft,11,29,5,5,new-york
223,Blue Knob,https://www.onthesnow.com/pennsylvania/blue-knob/ski-resort.html,3146ft,1072ft,5,14,9,6,pennsylvania
224,Shawnee Peak,https://www.onthesnow.com/maine/shawnee-peak/ski-resort.html,1900ft,1350ft,11,19,9,4,maine
225,The Omni Homestead Resort,https://www.onthesnow.com/virginia/the-homestead-ski-area/ski-resort.html,3200ft,700ft,3,6,1,0,virginia
226,Mount Sunapee,https://www.onthesnow.com/new-hampshire/mount-sunapee/ski-resort.html,2743ft,1510ft,20,30,7,9,new-hampshire
227,Attitash,https://www.onthesnow.com/new-hampshire/attitash/ski-resort.html,2350ft,1750ft,18,31,19,0,new-hampshire
228,Catamount,https://www.onthesnow.com/new-york/catamount-ski-ride-area/ski-resort.html,2000ft,1000ft,15,13,6,4,new-york
229,Nashoba Valley,https://www.onthesnow.com/massachusetts/nashoba-valley/ski-resort.html,440ft,240ft,4,8,5,0,massachusetts
230,Plattekill Mountain,https://www.onthesnow.com/new-york/plattekill-mountain/ski-resort.html,3500ft,1100ft,8,15,8,8,new-york
231,Whitetail Resort,https://www.onthesnow.com/pennsylvania/whitetail-resort/ski-resort.html,1800ft,935ft,6,11,2,2,pennsylvania
232,Wisp,https://www.onthesnow.com/maryland/wisp/ski-resort.html,3115ft,700ft,9,14,10,0,maryland
233,Little Switzerland,https://www.onthesnow.com/wisconsin/little-switzerland/ski-resort.html,1269ft,200ft,7,6,0,5,wisconsin
234,Andes Tower Hills Ski Area,https://www.onthesnow.com/minnesota/andes-tower-hills-ski-area/ski-resort.html,1620ft,290ft,4,1,5,6,minnesota
235,Bousquet Ski Area,https://www.onthesnow.com/massachusetts/bousquet-ski-area/ski-resort.html,1875ft,750ft,2,6,5,10,massachusetts
236,Bradford Ski Area,https://www.onthesnow.com/massachusetts/bradford-ski-area/ski-resort.html,1548ft,248ft,2,12,2,0,massachusetts
237,Donner Ski Ranch,https://www.onthesnow.com/california/donner-ski-ranch/ski-resort.html,8012ft,750ft,16,20,11,5,california
238,Four Lakes,https://www.onthesnow.com/illinois/four-lakes/ski-resort.html,500ft,100ft,3,2,2,0,illinois
239,Jack Frost,https://www.onthesnow.com/pennsylvania/jack-frost/ski-resort.html,2000ft,600ft,20,0,0,0,pennsylvania
240,King Pine,https://www.onthesnow.com/new-hampshire/king-pine/ski-resort.html,850ft,350ft,7,5,2,3,new-hampshire
241,Mountain High,https://www.onthesnow.com/california/mountain-high/ski-resort.html,8200ft,1600ft,12,25,20,2,california
242,New Hermon Mountain,https://www.onthesnow.com/maine/new-hermon-mountain/ski-resort.html,450ft,350ft,8,6,6,0,maine
243,Pats Peak,https://www.onthesnow.com/new-hampshire/pats-peak/ski-resort.html,1460ft,770ft,14,6,3,5,new-hampshire
244,Trollhaugen,https://www.onthesnow.com/wisconsin/trollhaugen/ski-resort.html,1200ft,260ft,7,9,8,0,wisconsin
245,Cooper Spur,https://www.onthesnow.com/oregon/cooper-spur/ski-resort.html,4000ft,350ft,4,6,0,0,oregon
246,Blue Hills Ski Area,https://www.onthesnow.com/massachusetts/blue-hills-ski-area/ski-resort.html,635ft,309ft,8,3,5,0,massachusetts
247,Crotched Mountain,https://www.onthesnow.com/new-hampshire/crotched-mountain/ski-resort.html,2066ft,1016ft,6,8,9,0,new-hampshire
248,Buck Hill,https://www.onthesnow.com/minnesota/buck-hill/ski-resort.html,1225ft,309ft,5,5,3,3,minnesota
249,Burke Mountain,https://www.onthesnow.com/vermont/burke-mountain/ski-resort.html,3267ft,2011ft,5,24,16,7,vermont
250,Sugarloaf,https://www.onthesnow.com/maine/sugarloaf/ski-resort.html,4237ft,2820ft,36,52,42,32,maine
251,Swiss Valley,https://www.onthesnow.com/michigan/swiss-valley/ski-resort.html,1200ft,225ft,4,4,3,0,michigan
252,Timber Ridge,https://www.onthesnow.com/michigan/timber-ridge/ski-resort.html,850ft,250ft,6,7,2,0,michigan
253,Titus Mountain,https://www.onthesnow.com/new-york/titus-mountain/ski-resort.html,2025ft,1200ft,17,19,11,3,new-york
254,Willard Mountain,https://www.onthesnow.com/new-york/willard-mountain/ski-resort.html,1415ft,505ft,5,6,5,0,new-york
255,Cascade Mountain,https://www.onthesnow.com/wisconsin/cascade-mountain/ski-resort.html,1280ft,460ft,18,19,0,10,wisconsin
256,Ski Granby Ranch,https://www.onthesnow.com/colorado/ski-granby-ranch/ski-resort.html,9202ft,1000ft,15,15,1,10,colorado
257,The Homestead,https://www.onthesnow.com/michigan/the-homestead/ski-resort.html,900ft,320ft,4,7,4,0,michigan
258,Hogadon Basin,https://www.onthesnow.com/wyoming/hogadon/ski-resort.html,8000ft,640ft,2,8,11,7,wyoming
259,Howelsen Hill,https://www.onthesnow.com/colorado/howelsen-hill/ski-resort.html,7136ft,440ft,3,5,8,0,colorado
260,Lee Canyon,https://www.onthesnow.com/nevada/las-vegas-ski-and-snowboard-resort/ski-resort.html,11289ft,860ft,5,16,5,0,nevada
261,Wilmot Mountain,https://www.onthesnow.com/wisconsin/wilmot-mountain/ski-resort.html,1030ft,230ft,7,7,7,0,wisconsin
262,Afton Alps,https://www.onthesnow.com/minnesota/afton-alps/ski-resort.html,1530ft,350ft,14,24,10,0,minnesota
263,Alpine Valley Ski Area,https://www.onthesnow.com/michigan/alpine-valley-ski-area/ski-resort.html,500ft,240ft,8,9,8,0,michigan
264,Big Powderhorn Mountain,https://www.onthesnow.com/michigan/big-powderhorn-mountain/ski-resort.html,1800ft,600ft,12,18,14,1,michigan
265,Black Mountain,https://www.onthesnow.com/new-hampshire/black-mountain/ski-resort.html,2350ft,1100ft,20,24,16,9,new-hampshire
266,Camden Snow Bowl,https://www.onthesnow.com/maine/camden-snow-bowl/ski-resort.html,1080ft,850ft,4,14,2,0,maine
267,Cannonsburg,https://www.onthesnow.com/michigan/cannonsburg/ski-resort.html,1100ft,250ft,7,10,3,0,michigan
268,Dartmouth Skiway,https://www.onthesnow.com/new-hampshire/dartmouth-skiway/ski-resort.html,1943ft,969ft,6,14,7,1,new-hampshire
269,Hidden Valley Ski Area,https://www.onthesnow.com/missouri/hidden-valley-ski-area/ski-resort.html,2566ft,310ft,6,7,2,0,missouri
270,Mad River Mountain,https://www.onthesnow.com/ohio/mad-river-mountain/ski-resort.html,1460ft,300ft,7,4,9,0,ohio
271,Marquette Mountain,https://www.onthesnow.com/michigan/marquette-mountain/ski-resort.html,1357ft,600ft,4,12,9,0,michigan
272,Ragged Mountain Resort,https://www.onthesnow.com/new-hampshire/ragged-mountain-resort/ski-resort.html,2250ft,1250ft,17,15,21,4,new-hampshire
273,Snow Snake Mountain Ski Area,https://www.onthesnow.com/michigan/snow-snake-mountain-ski-area/ski-resort.html,1230ft,210ft,4,6,2,0,michigan
274,Stratton Mountain,https://www.onthesnow.com/vermont/stratton-mountain/ski-resort.html,3875ft,2003ft,41,31,17,11,vermont
275,Sunburst,https://www.onthesnow.com/wisconsin/sunburst/ski-resort.html,1100ft,214ft,2,6,2,1,wisconsin
276,Wild Mountain Ski & Snowboard Area,https://www.onthesnow.com/minnesota/wild-mountain-ski-snowboard-area/ski-resort.html,1113ft,300ft,8,9,8,1,minnesota
277,Cranmore Mountain Resort,https://www.onthesnow.com/new-hampshire/cranmore-mountain-resort/ski-resort.html,2000ft,1200ft,16,25,16,0,new-hampshire
278,Pajarito Mountain Ski Area,https://www.onthesnow.com/new-mexico/pajarito-mountain-ski-area/ski-resort.html,10441ft,1410ft,9,22,14,0,new-mexico
279,Terry Peak Ski Area,https://www.onthesnow.com/south-dakota/terry-peak-ski-area/ski-resort.html,7100ft,1100ft,6,15,4,4,south-dakota
280,Big Snow Resort - Indianhead Mountain,https://www.onthesnow.com/michigan/indianhead-mountain/ski-resort.html,1935ft,638ft,6,8,12,4,michigan
281,Alpine Valley Resort,https://www.onthesnow.com/wisconsin/alpine-valley-resort/ski-resort.html,1040ft,388ft,7,8,6,0,wisconsin
282,Brantling Ski Slopes,https://www.onthesnow.com/new-york/brantling-ski-slopes/ski-resort.html,850ft,250ft,3,4,3,0,new-york
283,Mt. Abram Ski Resort,https://www.onthesnow.com/maine/mt-abram-ski-resort/ski-resort.html,2250ft,1150ft,10,22,14,8,maine
284,Sandia Peak,https://www.onthesnow.com/new-mexico/sandia-peak/ski-resort.html,10378ft,1700ft,8,17,10,0,new-mexico
285,Seven Oaks,https://www.onthesnow.com/iowa/seven-oaks/ski-resort.html,975ft,275ft,3,6,3,0,iowa
286,Roundtop Mountain Resort,https://www.onthesnow.com/pennsylvania/roundtop-mountain-resort/ski-resort.html,1400ft,600ft,5,6,6,2,pennsylvania
287,Tussey Mountain,https://www.onthesnow.com/pennsylvania/tussey-mountain/ski-resort.html,1750ft,520ft,4,8,3,0,pennsylvania
288,Snow Creek,https://www.onthesnow.com/missouri/snow-creek/ski-resort.html,1100ft,300ft,4,7,1,0,missouri
289,Pine Knob Ski Resort,https://www.onthesnow.com/michigan/pine-knob-ski-resort/ski-resort.html,1308ft,300ft,3,3,7,3,michigan
290,Whaleback Mountain,https://www.onthesnow.com/new-hampshire/whaleback-mountain/ski-resort.html,1800ft,700ft,7,12,7,4,new-hampshire
291,Otis Ridge Ski Area,https://www.onthesnow.com/massachusetts/otis-ridge-ski-area/ski-resort.html,1700ft,400ft,3,4,3,0,massachusetts
292,Boston Mills,https://www.onthesnow.com/ohio/boston-mills/ski-resort.html,871ft,264ft,1,3,3,0,ohio
293,Brandywine,https://www.onthesnow.com/ohio/brandywine/ski-resort.html,871ft,240ft,3,3,5,0,ohio
294,Mad River Glen,https://www.onthesnow.com/vermont/mad-river-glen/ski-resort.html,3637ft,2037ft,10,18,23,0,vermont
295,Whitecap Mountain,https://www.onthesnow.com/wisconsin/whitecap-mountain/ski-resort.html,1750ft,400ft,14,12,12,5,wisconsin
296,Liberty,https://www.onthesnow.com/pennsylvania/liberty/ski-resort.html,1190ft,620ft,7,8,3,3,pennsylvania
297,Peek'n Peak,https://www.onthesnow.com/new-york/peekn-peak/ski-resort.html,1800ft,400ft,8,12,4,3,new-york
298,Villa Olivia,https://www.onthesnow.com/illinois/villa-olivia/ski-resort.html,500ft,180ft,3,3,1,1,illinois
299,White Pine Ski Area,https://www.onthesnow.com/wyoming/white-pine-ski-area/ski-resort.html,9500ft,1100ft,7,8,10,0,wyoming
300,Bruce Mound,https://www.onthesnow.com/wisconsin/bruce-mound/ski-resort.html,1375ft,375ft,2,2,6,2,wisconsin
301,Alpine Valley,https://www.onthesnow.com/ohio/alpine-valley/ski-resort.html,1500ft,230ft,2,3,1,0,ohio
302,Swain,https://www.onthesnow.com/new-york/swain/ski-resort.html,1970ft,650ft,11,13,11,0,new-york
303,Royal Mountain Ski Area,https://www.onthesnow.com/new-york/royal-mountain-ski-area/ski-resort.html,1800ft,550ft,5,5,5,0,new-york
304,Mt. Jefferson,https://www.onthesnow.com/maine/mt-jefferson/ski-resort.html,753ft,432ft,4,4,4,0,maine
305,Hilltop Ski Area,https://www.onthesnow.com/alaska/hilltop-ski-area/ski-resort.html,2090ft,294ft,10,1,0,1,alaska
306,Apple Mountain,https://www.onthesnow.com/michigan/apple-mountain/ski-resort.html,820ft,220ft,5,5,2,0,michigan
307,Yosemite Ski & Snowboard Area,https://www.onthesnow.com/california/badger-pass/ski-resort.html,7800ft,600ft,4,5,2,0,california
308,Big Boulder,https://www.onthesnow.com/pennsylvania/big-boulder/ski-resort.html,2175ft,600ft,3,2,3,0,pennsylvania
309,Big Snow Resort - Blackjack,https://www.onthesnow.com/michigan/blackjack-ski-resort/ski-resort.html,850ft,465ft,4,8,11,2,michigan
310,Ski Blandford,https://www.onthesnow.com/massachusetts/blandford-ski-area/ski-resort.html,1685ft,465ft,12,14,3,0,massachusetts
311,Christmas Mountain,https://www.onthesnow.com/wisconsin/christmas-mountain/ski-resort.html,1250ft,250ft,6,6,3,0,wisconsin
312,Eagle Rock,https://www.onthesnow.com/pennsylvania/eagle-rock/ski-resort.html,1810ft,550ft,7,1,6,0,pennsylvania
313,Holiday Mountain,https://www.onthesnow.com/new-york/holiday-mountain/ski-resort.html,1550ft,400ft,2,2,2,1,new-york
314,Mt. Baldy,https://www.onthesnow.com/california/mt-baldy/ski-resort.html,8600ft,2100ft,5,10,5,5,california
315,Mt. Crescent Ski Area,https://www.onthesnow.com/iowa/mt-crescent-ski-area/ski-resort.html,1500ft,300ft,2,5,3,1,iowa
316,Mt. Holiday Ski Area,https://www.onthesnow.com/michigan/mount-holiday-ski-area/ski-resort.html,440ft,200ft,4,5,4,0,michigan
317,Mt. Hood Meadows,https://www.onthesnow.com/oregon/mt-hood-meadows/ski-resort.html,7300ft,2777ft,13,42,17,13,oregon
318,Norway Mountain,https://www.onthesnow.com/michigan/norway-mountain/ski-resort.html,1335ft,500ft,1,6,6,5,michigan
319,Snowy Range Ski & Recreation Area,https://www.onthesnow.com/wyoming/snowy-range-ski-recreation-area/ski-resort.html,9663ft,990ft,10,13,10,0,wyoming
320,Squaw Valley Alpine Meadows,https://www.onthesnow.com/california/squaw-valley-usa/ski-resort.html,9050ft,2850ft,61,103,81,0,california
321,Teton Pass Ski Resort,https://www.onthesnow.com/montana/teton-pass-ski-area/ski-resort.html,7200ft,1010ft,6,15,17,4,montana
322,Timberline Lodge,https://www.onthesnow.com/oregon/timberline-lodge/ski-resort.html,8540ft,3690ft,10,20,10,0,oregon
323,Treetops Resort,https://www.onthesnow.com/michigan/treetops-resort/ski-resort.html,1345ft,225ft,4,10,9,0,michigan
324,Winter Park,https://www.onthesnow.com/colorado/winter-park-resort/ski-resort.html,12060ft,3060ft,39,35,80,6,colorado
325,Woodbury Ski Area,https://www.onthesnow.com/connecticut/woodbury-ski-area/ski-resort.html,730ft,300ft,3,3,3,3,connecticut
326,Big Squaw Mountain Ski Resort,https://www.onthesnow.com/maine/big-squaw-mountain-ski-resort/ski-resort.html,3200ft,660ft,10,10,10,0,maine
327,Spout Springs,https://www.onthesnow.com/oregon/spout-springs/ski-resort.html,5500ft,610ft,6,5,3,0,oregon
328,Deer Mountain Ski Resort,https://www.onthesnow.com/south-dakota/ski-mystic-at-deer-mountain/ski-resort.html,6850ft,940ft,18,30,15,0,south-dakota
329,Coffee Mill Ski & Snowboard Resort,https://www.onthesnow.com/minnesota/coffee-mill-ski-snowboard-resort/ski-resort.html,1150ft,425ft,5,4,1,4,minnesota
330,Mulligan's Hollow Ski Bowl,https://www.onthesnow.com/michigan/mulligans-hollow-ski-bowl/ski-resort.html,700ft,130ft,2,2,2,2,michigan
331,Elko SnoBowl,https://www.onthesnow.com/nevada/elko-snobowl/ski-resort.html,7000ft,700ft,1,9,0,0,nevada
